,Unnamed: 0,label,area,bbox_area,centroid-0,centroid-1,convex_area,eccentricity,equivalent_diameter,extent,local_centroid-0,local_centroid-1,major_axis_length,minor_axis_length,perimeter,solidity,inertia_tensor_eigvals-0,inertia_tensor_eigvals-1,moments_hu-0,moments_hu-1,moments_hu-2,moments_hu-3,moments_hu-4,moments_hu-5,moments_hu-6,in_object
0,1,2,32190,39831,99,609,32375,0.6421886269796304,202.44895886377108,0.8081644949913384,99,94,232.40321222738086,178.14790389610326,689.3868683519032,0.9942857142857144,3375.703315850317,1983.5422289109522,0.16648790135946778,0.0018704109115911477,6.785422936035626e-05,6.590985091399441e-07,-6.142724712800165e-13,-2.214355536058781e-08,-4.364706299089457e-12,1.0
1,2,3,30958,38280,71,1170,31080,0.7000396082364915,198.53702381649413,0.8087251828631139,71,121,239.4073581855189,170.96175614687618,693.3452377915606,0.996074646074646,3582.2426970855827,1826.7451290514975,0.17472019594731836,0.0032155455982194755,0.0006116232728089661,2.958019604612953e-05,1.415125988861242e-09,4.031771460210671e-07,3.7185542318342322e-09,1.0
2,3,4,10394,13664,161,2021,10495,0.9535077399784332,115.03934904187038,0.7606850117096019,115,34,216.31233202064016,65.1897291368,508.76450198781714,0.9903763696998572,2924.439061512979,265.60629905808463,0.3069121955523441,0.06543598107846528,0.0022901808823099327,0.00025244170842503484,-7.779859751127087e-08,-4.018546388311089e-05,1.7547142119923063e-07,1.0
3,5,6,30222,36582,386,1967,30380,0.401110802854505,196.16280361216823,0.8261440052484829,99,101,208.25214766758558,190.7651196776935,671.2031021678298,0.9947992100065832,2710.559813010116,2274.458180352795,0.1649466611528989,0.0002082231550129297,0.00043376453260129873,4.711304856864244e-06,-1.4409858013253572e-10,-4.421027355704454e-08,-1.5683137807791586e-10,1.0
4,6,7,38780,50826,463,167,39046,0.7201363026952518,222.20762710768867,0.7629953173572581,98,128,266.8168689660324,185.12624744032144,754.76659402887,0.9931875224094656,4449.452597802306,2141.982968208445,0.16996997333704875,0.0035404329812624507,3.7175717268329353e-06,9.348363641189242e-08,-2.8172985799378387e-14,-3.2635458409739142e-09,-4.7364883901377503e-14,1.0
5,8,9,90386,122130,668,1097,90940,0.6499918295771226,339.23889737238625,0.7400802423646934,178,171,389.2497871160038,295.80694879059143,1147.4255403194154,0.9939080712557732,9469.712298115894,5468.859434549973,0.16527528303792471,0.0019593085125090568,2.683284100480513e-06,4.541034521656039e-08,9.218999239088045e-15,1.0511583035659527e-09,-1.2894747574632484e-14,1.0
6,9,10,37527,48000,635,575,37755,0.5719683368383031,218.5883354510859,0.7818125,117,98,241.4436691546143,198.0503743796223,731.3107499061545,0.9939610647596344,3643.440335927678,2451.4969244942845,0.1624147216783106,0.001008842989198087,8.946680841340836e-06,9.294187519034512e-08,6.960268710199304e-14,2.3993624531612844e-09,-4.835604073118389e-14,1.0
7,10,11,32540,41990,725,365,32742,0.5110251366314735,203.5465911915063,0.7749464158132888,109,94,219.60010997900483,188.7607372142413,676.8254685319159,0.993830554028465,3014.0130189244373,2226.913494603992,0.1610610483567434,0.0005850920574568441,2.744062384563825e-06,9.564171340428651e-09,-1.8059174064633455e-16,-5.123310843251851e-11,1.5388555146132534e-15,1.0
8,12,13,37489,46805,962,1464,37708,0.681372966719712,218.47763568058065,0.8009614357440444,92,124,255.44726446104355,186.97114879741957,735.9970414071698,0.9941922138538242,4078.3315575393945,2184.888155164176,0.16706819901047162,0.002550920617846449,6.113859079883557e-06,1.753407080546413e-07,1.7541482414360143e-13,8.510925281381986e-09,4.677451454396284e-14,1.0
9,13,14,35714,44919,992,930,35922,0.33576089077849725,213.24276564674264,0.7950755804893253,101,107,219.79388022183582,207.03424132658685,707.1686142824235,0.9942096765213518,3019.334361435669,2678.9485676047125,0.15955319843871818,9.083764449177136e-05,5.884446635468658e-06,5.2075599109402566e-09,9.034923366296286e-16,4.7346163103251145e-11,-1.213087578855483e-16,1.0
10,15,16,56517,71832,1393,1951,56779,0.7683343865330903,268.2530136826,0.7867941864350151,172,122,339.04676825213545,217.00642527474628,932.3229432149742,0.9953856179221192,7184.544441388577,2943.2367881577525,0.1791988468875972,0.005631723843772349,0.0003524022887419534,2.010281536641505e-05,1.4150627697659178e-09,1.22610138562184e-06,9.276413152549879e-10,1.0
11,16,17,53770,86961,1385,641,56009,0.8396402468854994,261.6526138230033,0.6183231563574476,141,145,357.7369165571733,194.30228144128537,1002.6143571373724,0.9600242818118516,7998.481341739624,2359.586035830529,0.1926365515635141,0.010997855007842424,0.00011497810822066448,2.448703179329063e-05,1.2047784293392054e-09,2.1567293665882344e-06,4.86526220114886e-10,1.0
12,17,18,35517,47477,1434,1679,35977,0.6380752621860862,212.65382411411926,0.7480885481390992,98,118,242.58785155687718,186.7863382744781,731.5533905932738,0.9872140534230204,3678.054107686341,2180.571010374235,0.16495270203171933,0.0017776706720788985,1.851186830201493e-05,2.6319873514354603e-07,-1.2545399288337931e-13,-3.355049867520115e-09,-5.672591590047815e-13,1.0
13,18,19,30975,38775,1511,73,31167,0.7231089272689549,198.5915277603042,0.7988394584139265,119,73,241.3869253838988,166.73416010850858,687.0437226013956,0.9938396380787372,3641.727984143245,1737.5175091931117,0.1736640998655805,0.0037792643398505453,0.00027971290030935706,1.7860025273042504e-05,8.57939481777192e-10,6.346458227697303e-07,-9.25993625321996e-10,1.0
14,20,21,54513,70560,1559,517,56479,0.8286234041426537,263.4541844460777,0.7725765306122448,90,175,355.29863678479967,198.89846621443684,1025.021428024809,0.9651906018166044,7889.820081321057,2472.537491403467,0.1900896588469636,0.009875584643249205,0.00026571573811749044,1.3540874892007635e-05,-6.778620537130207e-10,-1.2638794573367682e-06,-4.4745916110253064e-10,1.0
15,21,22,62894,82460,1753,1755,63371,0.6923183397169677,282.9825576366383,0.7627213194276012,157,130,333.3139409811891,240.5167430559663,962.5899705197332,0.9924728976976852,6943.6364532757225,3615.518980640608,0.16788812023271427,0.002800134301608067,1.7957390998540833e-06,4.361585542635019e-08,4.7765753144548735e-15,9.216255818198774e-10,-1.1233029439999595e-14,1.0
16,22,23,32155,41580,1712,706,32419,0.5466793009538358,202.3388681419345,0.7733285233285233,112,94,221.27082102380757,185.27936726924838,679.1686142824235,0.9918566272864678,3060.048514784367,2145.527745980813,0.16189010296268636,0.0008088912130161424,1.67170543616656e-05,1.2082979853596895e-07,1.26992477302118e-13,2.131854530453576e-09,-1.1560015263728615e-13,1.0
17,23,24,34745,46830,1787,1196,34985,0.6484668939597232,210.3299978172948,0.7419389280375828,104,112,241.1549763864169,183.57750322074864,709.938166904124,0.9931399171073316,3634.7326647458317,2106.2937305477485,0.16523316722675435,0.0019351362658633039,7.224199197429143e-06,1.156977768307827e-07,1.3774019767549564e-14,2.5882470753464183e-10,-1.0487417776237432e-13,1.0
18,25,26,31990,41070,1954,1430,32240,0.6534276731839096,201.81906014070591,0.7789140491843195,95,111,232.17360785556667,175.75285647102902,678.683332908185,0.9922456575682382,3369.0365115419045,1930.566659857884,0.16566436922162514,0.0020219622733032576,2.191057649163055e-05,5.780564010114819e-07,1.7745912347485876e-12,2.2096443686848416e-08,-1.0406772060719455e-12,1.0
0,0,1,22383,27716,73,157,22572,0.2153573702329528,168.8162336086407,0.80758406696493,73,83,172.3674385097633,168.32288924089113,572.3746750430837,0.9916267942583732,1856.9083661510651,1770.7871901500812,0.16207369683693634,1.4804144439173212e-05,0.00022322487301804423,5.580539799054756e-07,2.0748007808146056e-12,2.1372105625834392e-09,5.872801372576067e-12,0.0
1,4,5,40307,53463,278,1754,40611,0.6570952702212925,226.54020907918357,0.7539232740399903,107,124,261.1639821228692,196.86737863940556,768.5655839020934,0.9925143434044964,4262.914097392148,2422.2977982719417,0.16585734228953009,0.002085285753982575,6.612023070727336e-06,9.36084150431e-08,9.516364675139956e-15,8.633084868912073e-10,7.302692109642899e-14,0.0
2,7,8,118454,194038,693,1785,129918,0.6983764032555667,388.35591540757935,0.6104680526494809,227,200,476.8439704200223,341.29185689830484,1529.53318805774,0.9117597253652304,14211.260757870694,7280.008224068311,0.1814313487255728,0.003423922950405119,0.0006100353516127379,1.9435741669274562e-05,-2.048123022924737e-09,-1.0805794775613457e-06,-5.328770240922988e-10,0.0
3,11,12,9271,12675,733,26,9345,0.9281610983916008,108.64715283540428,0.731439842209073,100,26,184.77611290430897,68.76973118289033,454.8711037056154,0.9920813269127876,2133.8882437516213,295.5797454354374,0.26205026309859325,0.03931729469179582,0.002308893262216412,0.00021135486744560536,-9.609447340542293e-08,-3.259616962245252e-05,-1.1209395751916652e-07,0.0
4,14,15,56156,74025,1101,148,61057,0.7727687408964833,267.3949137028373,0.7586085781830463,112,148,346.5813048082664,219.97089027306308,1035.9036790187176,0.9197307434037048,7507.412552662526,3024.199535470247,0.18754206296981216,0.006373623691288883,0.0001793943795659046,4.624332637166785e-06,-1.3312871721750395e-10,-2.642623510190768e-07,4.104061376614146e-12,0.0
5,19,20,76222,122177,1592,1460,86239,0.7511270483584648,311.52666752431264,0.6238653756435336,199,171,404.6958227578767,267.163053851799,1310.881384442131,0.8838460557288466,10236.169309854671,4461.006083963704,0.19282064750096267,0.005740739584923827,0.00044970355698699345,1.2999799395013553e-05,4.016671929652451e-10,6.661720530849257e-07,-9.091844937218301e-10,0.0
6,24,25,1,1,1745,6,1,0.0,1.1283791670955126,1.0,0,0,0.0,0.0,0.0,1.0,0.0,0.0,0.0,0.0,0.0,0.0,0.0,0.0,0.0,0.0
7,26,27,628,812,1929,1157,648,0.32452101689386115,28.277100878514442,0.7733990147783252,13,13,29.114865072804214,27.539124484639334,91.25483399593905,0.9691358024691358,52.97971051297464,47.400211086278865,0.1598406394892572,7.893528604735131e-05,3.2387085301850375e-05,1.2649334663945795e-08,8.083771341806523e-15,9.444939245516049e-11,4.5052816359349195e-16,0.0
8,27,28,10620,14007,2014,888,10721,0.9325915620412768,116.2832918569449,0.7581923324052259,39,101,199.64408731438868,72.05823558977517,482.00714267493635,0.9905792370114728,2491.110099974704,324.5243322694713,0.2651256527536888,0.04162006349125298,0.001883894289186262,0.00016045434327980517,-8.629324350299614e-08,-3.227257182672113e-05,-1.8325658596521912e-08,0.0
9,28,29,1,1,2013,1570,1,0.0,1.1283791670955126,1.0,0,0,0.0,0.0,0.0,1.0,0.0,0.0,0.0,0.0,0.0,0.0,0.0,0.0,0.0,0.0
0,4,5,47698,62419,243,1743,48146,0.5607377643503584,246.4365634494561,0.7641583492205899,120,127,270.9547686870493,224.34877476443012,828.6072144624361,0.9906949694678686,4588.530417140775,3145.773296143813,0.16215153074100772,0.000914926305862943,9.28393780360904e-06,9.071789215960605e-08,-2.4547934849319132e-14,-9.449266371536716e-10,7.955275666436573e-14,1.0
1,8,9,44263,56898,966,1885,44587,0.6202069006512351,237.39713976502014,0.7779359555696158,109,126,268.22786327350843,210.40820119346068,795.2518754031088,0.9927333079148629,4496.636664766996,2766.97569559174,0.16410122134420926,0.0015270043687054652,1.2635146085519133e-05,1.689418741372119e-07,-9.140746375529404e-14,-2.385591090003717e-09,-2.292797548686302e-13,1.0
2,10,11,40542,53460,1196,1922,40798,0.5262210686921097,227.19964265520528,0.758361391694725,109,117,246.81377174532622,209.87754866953452,760.9087296526012,0.9937251826069904,3807.3148701971254,2753.0365897208026,0.16181617729559294,0.0006762389482680077,3.956268824492344e-05,3.716460384596041e-07,-1.2638462305830539e-12,-8.882474734491859e-09,6.584270638611887e-13,1.0
3,11,12,76926,103896,1325,197,77428,0.6918280680213729,312.96201881106464,0.7404134904134904,170,160,369.13942554173445,266.541652202489,1064.4722215136414,0.9935165573177662,8516.49471808011,4440.278272427036,0.16843164847395092,0.002807812948657745,5.6716885795812585e-05,1.385766039127235e-06,2.3741092123023986e-12,2.0161474041874764e-09,-1.2053874086618148e-11,1.0
4,12,13,69423,94250,1313,820,69771,0.6450014685824587,297.30810435329414,0.7365835543766578,156,140,340.7756927427086,260.41442220229766,1004.57272657703,0.9950122543750268,7258.004547767062,4238.4794556847855,0.1656005070862948,0.001891779572925298,5.772634138919049e-05,1.0841370405277935e-06,-1.7730780348494569e-12,-1.4853207320826728e-08,-8.391282984412349e-12,1.0
5,13,14,133217,178255,1668,1866,135610,0.7130410370635331,411.84603000512726,0.7473394855684272,226,203,494.0771395783047,346.40850044546653,1456.2367235014588,0.9823538087161714,15257.013740867476,7499.928073804798,0.17082610939048526,0.00339061029894427,0.00012285507084901502,4.753755077533732e-06,1.0663843742533251e-10,2.606216935467659e-07,-4.273292580257362e-11,1.0
0,0,1,2493,3828,10,58,2590,0.9748986730735528,56.33991644495722,0.6512539184952978,10,58,126.0767322216782,28.070858363303962,292.1898628384834,0.9625482625482624,993.4589004810472,49.24831807829199,0.4182539986198713,0.14344756154317528,0.007030250369380776,0.0020162017992309414,6.52086529307366e-06,0.000394331026779472,-3.885647142598983e-06,0.0
1,1,2,30299,39334,59,655,30491,0.8302561938093389,196.41253770044997,0.7703005033812986,59,142,271.33267952811457,151.23594153254544,735.0020920410531,0.9937030599193204,4601.3389362441585,1429.5193757022187,0.19904479725226504,0.010958733253725574,0.0012791186643584106,7.462723284833579e-05,-2.1729943626075488e-08,-7.631526241307146e-06,7.70917864507913e-09,0.0
2,2,3,5389,8281,18,1280,5495,0.9533472416906192,82.83409869478747,0.6507668156019805,18,89,159.03660381113994,48.00931205012686,383.37972567696687,0.9807097361237488,1580.7900844863432,144.05587772040354,0.32006790911240424,0.07107821234754964,0.005460842679786256,0.001637780606843202,4.5204014586937115e-06,0.00031818078730647836,1.88567820485669e-06,0.0
3,3,4,1714,2303,139,1567,1740,0.5089168712137611,46.71544262528258,0.7442466348241424,24,22,50.416175759792786,43.399034129456055,153.4386001800126,0.9850574712643678,158.8619236401449,117.71726021060572,0.1613647513714998,0.0005762426420112432,1.678404022260316e-05,4.1770268360822737e-08,-3.456261883773479e-14,-8.287018376927403e-10,5.350489018878012e-15,0.0
4,5,6,2527,3249,382,1053,2566,0.2987515849498553,56.72280255369754,0.7777777777777778,27,27,58.11840666283102,55.464192061663205,185.92388155425118,0.9848012470771628,211.1093245641376,192.26728756581653,0.15962667674315556,5.559621434703851e-05,2.2855671436613805e-05,1.6917544113055373e-08,-5.1601788355043294e-15,-1.0968471115031224e-10,9.167139444248719e-15,0.0
5,6,7,72210,100100,488,1635,78374,0.8211689456076697,303.21712934022395,0.7213786213786214,118,203,413.8179142771679,236.1597465812569,1169.685424949238,0.9213514685992804,10702.829136044093,3485.7141190827183,0.19649000491797272,0.009989242659035282,0.0003853142639836524,3.747469116062418e-05,4.182711509613141e-09,3.516030917235996e-06,-1.6682680932158874e-09,0.0
6,7,8,63183,96100,790,1186,66684,0.7443732775624613,283.63196955738573,0.657471383975026,144,148,356.4887747924316,238.05028051089752,1048.874241767195,0.9474986503509089,7942.765409563064,3541.746003207312,0.1817658454452998,0.004851835652687349,0.0005890674720830784,1.7670066353535536e-05,1.1647716981408022e-09,6.945408856562584e-07,1.3759646140254806e-09,0.0
7,9,10,39890,54758,1097,1186,40690,0.7446100420948768,225.3653155201253,0.7284780306073998,106,127,277.1481317630494,184.99630222113774,780.0803025278549,0.9803391496682232,4800.692933734286,2138.976989718409,0.17397016604293547,0.004452411948494062,9.75061874645124e-05,3.6032458317874895e-06,-6.073905915546464e-11,-2.2151288215238663e-07,2.953525948892922e-11,0.0
8,14,15,21423,27976,1999,173,21573,0.9063283644435096,165.1563222128096,0.7657635115813555,59,132,261.89978126971334,110.67207235975474,658.8183258569795,0.9930468641357252,4286.968464320228,765.5192250251744,0.23584407829647586,0.02701980991913676,0.0015503953481583476,0.00012099181453920066,-5.1962709369023076e-08,-1.9750619875177625e-05,-6.777860465162542e-09,0.0
9,15,16,4134,5535,2026,1048,4187,0.9401687411492022,72.55048089389321,0.7468834688346884,23,63,128.587442217503,43.81092064313816,309.13098833543773,0.9873417721518988,1033.4206435024794,119.96229797495934,0.2789992601541942,0.04882435911560416,0.0022068672044220946,0.00021883368800472655,-8.941018199040141e-08,-3.614510597136733e-05,1.2301540346854612e-07,0.0
10,16,17,3298,4712,2031,1741,3378,0.9754024055649688,64.80080260719436,0.6999151103565365,18,74,143.43655901132234,31.61796872684685,327.81727983645294,0.9763173475429248,1285.877903813035,62.48099665074157,0.40884138886106014,0.13760475893969076,0.003909354816280539,0.000432403183893914,-3.6535363188320434e-07,-0.00012697405759520892,4.2729185191562965e-07,0.0
0,2,3,57645,72158,281,820,58498,0.760945567158172,270.9167649966654,0.7988719199534355,109,163,336.69744214991965,218.4545947266864,964.6488450227788,0.9854183048993128,7085.3229718936545,2982.65062232505,0.1746547592023368,0.005065360761589493,3.2192781143871142e-06,1.601050892219818e-07,1.1477723744729297e-13,1.1383219964787225e-08,-6.1926010387850164e-15,1.0
1,3,4,41470,52205,404,1144,41707,0.6697623560323961,229.78521257941554,0.7943683555215018,131,97,266.70369405894365,198.0476313456112,772.6244584051393,0.9943175006593618,4445.678776542915,2451.429017600445,0.1663155966757502,0.002312549436984001,3.376989394814961e-06,8.471786424033819e-08,3.830760964238103e-14,3.277278180044247e-09,2.4204087426464163e-14,1.0
2,4,5,31560,38688,493,86,31730,0.4554378281549513,200.4580754967026,0.81575682382134,103,86,213.0892849973381,189.70648455420417,668.0142853498727,0.9946422943586511,2837.9402112922994,2249.2843926196574,0.16119216108719764,0.0003478955658294639,4.97783344257545e-05,5.266619109966495e-07,-1.059330928914465e-12,-3.908632457191586e-09,2.4798226390119154e-12,1.0
3,5,6,41795,58420,627,596,42080,0.7295324711356337,230.68386760284332,0.7154228004108182,115,125,279.28611892684035,191.01667343653799,787.0924958366746,0.9932271863117872,4875.046014076075,2280.460595672561,0.1712048477030419,0.0038537832687288993,3.441923570516406e-05,1.5179269777767619e-06,1.0943831007074187e-11,9.384448218222194e-08,-7.825793862814379e-13,1.0
4,6,7,37841,47718,717,1918,38096,0.6031500537457172,219.50092849991157,0.7930131187392598,123,98,246.1043208795392,196.2996334292185,739.8965363437815,0.9933063838723224,3785.4585472237,2408.3466302778465,0.16367974359825446,0.0013243819819691932,3.7994342821324845e-05,4.539928614362544e-07,2.232456459135291e-13,1.5925286626058155e-09,1.872265345737534e-12,1.0
5,7,8,81610,109744,761,177,82167,0.688546699088186,322.3493124637256,0.7436397434028283,155,177,378.8965264819738,274.77273148113153,1093.685424949238,0.9932211228352016,8972.661111256568,4718.753372850125,0.1677663826014789,0.002716998365088333,2.435318769696287e-05,4.6681743422706995e-07,-3.1774369953913896e-14,-3.354335346027442e-09,-1.5736567082094159e-12,1.0
6,8,9,48008,62160,936,1705,48316,0.6761906167657374,247.2360897273003,0.7723294723294724,141,109,288.19077945600236,212.3178456949035,835.8792924010781,0.9936253001076248,5190.870335216139,2817.4292250328035,0.16681177220981802,0.002444160343723117,1.2419043226534364e-05,2.4149044687521427e-07,-1.6807654648024883e-13,-5.6600386483374205e-09,3.829484919727984e-13,1.0
7,9,10,40593,53800,1057,1171,41375,0.7546110991583102,227.34250117264583,0.7545167286245353,132,97,281.4209842331756,184.66065486563102,782.7665940288703,0.9810996978851964,4949.86064792308,2131.222340962732,0.17444098708855746,0.004821435956594232,5.760528400080199e-06,3.7571605882269115e-07,-5.489388605646481e-13,-2.6050139298473608e-08,-6.471089358519764e-14,1.0
8,10,11,44390,56419,1090,654,44669,0.5276099552713633,237.7374673685111,0.7867916836526702,110,126,258.02291359652804,219.18704579137238,796.1808075912431,0.9937540576238556,4160.988996302584,3002.685065171822,0.16138035732089218,0.0006808865737672584,2.8551455500783503e-07,2.063951363682063e-09,3.311967707496901e-17,4.458366014828154e-11,-3.7595116606796495e-17,1.0
9,11,12,25969,37887,1255,834,26373,0.7896054019858118,181.83717369456508,0.6854329981260063,103,81,233.70788883723824,143.40665495981608,638.4823227814082,0.9846813028476094,3413.711081547432,1285.3417929227346,0.1809485492113738,0.006717126303555858,0.0002077017690179653,1.6923935578847888e-05,9.334023893988157e-10,1.2738089873562043e-06,-3.6818810573788516e-10,1.0
10,12,13,42506,54531,1364,1597,42873,0.4487831881825235,232.637744333358,0.7794832297225431,110,122,246.232164989437,220.04307729991726,777.8376618407357,0.9914398339281132,3789.3924422115824,3026.1847417260838,0.16034388519121226,0.0003223925604254189,4.749135846847533e-06,1.8267411100201532e-08,-8.309395159661846e-16,-1.837368993213252e-10,5.31595162442555e-15,1.0
11,13,14,28908,38720,1487,69,29099,0.7918208922300227,191.8510066671637,0.7465909090909091,110,69,249.5527850588402,152.41520358126004,683.0853531617382,0.9934362005567202,3892.2870331639806,1451.8996426698093,0.18486877943246816,0.007126584723369503,0.0006186002211726661,7.379917044889338e-05,1.5555544364384026e-08,6.161117201363162e-06,2.580954530263876e-09,1.0
12,14,15,35070,49693,1660,545,35363,0.7341372995715485,211.31140724973218,0.7057332018594168,108,116,256.9603996419163,174.47638106626073,725.636651713959,0.9917145038599666,4126.790436508333,1902.6254718736889,0.17192517560256693,0.004022188861844706,6.146963517310944e-05,2.0817045658464195e-06,1.1112920302441605e-11,4.7296294676139785e-08,-2.0761115164109217e-11,1.0
13,15,16,34401,42704,1858,1590,34728,0.8309899225937585,209.28620016244344,0.8055685650056201,134,78,281.24672101206886,156.4540266927144,738.7422074112308,0.9905839668279198,4943.7323800025315,1529.8664042727871,0.1881805408062358,0.009848062587624306,3.793884545794371e-05,2.495147773634102e-06,-3.3164274723748466e-12,-7.760932319610953e-08,-2.4048925475891298e-11,1.0
14,16,17,33937,41472,1921,86,34238,0.5856696888899696,207.86998443661176,0.8183111496913579,109,86,232.7416551871625,188.64870740953108,714.9371208835976,0.9912085986330976,3385.5423787037544,2224.2709254554293,0.16530080160766075,0.001170902150199218,0.00016114932708578318,3.908185016894823e-06,7.778617339703469e-11,1.3030999369469464e-07,-5.973977727861179e-11,1.0
15,17,18,59712,71827,1948,535,60157,0.7354016910187167,275.7311728753679,0.8313308365934816,121,166,341.95629151891825,231.72033029539008,992.156420973604,0.9926026896288046,7308.381581835712,3355.8944670127917,0.17859519106458505,0.004381448286324985,0.0006287142687440452,2.6919751534475105e-05,-3.386978500406546e-09,-1.7481244671637962e-06,-8.906995731608651e-10,1.0
0,0,1,46168,72163,66,848,49598,0.9414136568416382,242.4518989435492,0.6397738453223951,66,243,439.87079671333254,148.34822884356706,1059.0447686219222,0.9308439856445824,12092.89486257637,1375.4498125639584,0.29172467239517264,0.053889035211566974,0.004116225452581201,0.0018167495074224702,4.95757426742222e-06,0.0004208353753588608,-3.235465836766426e-07,0.0
1,1,2,12473,17028,35,1942,12571,0.8786360300861433,126.02030329070664,0.7324994127319708,35,96,188.87562058243495,90.18662087831494,494.8772003600252,0.9922042796913532,2229.6250031499962,508.35166159055694,0.2195122797034036,0.01904398543016434,0.0017278765618942051,0.00011915279505978372,-5.4044654971199706e-08,-1.644306815967695e-05,-1.4671042989626094e-09,0.0
2,18,19,25601,31140,1967,1118,25791,0.2482241976663748,180.54419288574448,0.8221258831085421,96,91,187.15500231462383,181.29753932029527,628.6761902332486,0.992633089062076,2189.1871807116777,2054.2998602246253,0.1657547377421313,2.7760571074183983e-05,0.0005141403434941219,4.4380634042947325e-06,-6.539832375134539e-11,1.4569761460970807e-08,-2.016583073349228e-10,0.0
0,1,2,41416,52245,92,951,42390,0.6061244846324433,229.635556882534,0.7927265767059049,92,116,261.16168287212435,207.7201138937993,846.2985565973347,0.9770228827553668,4262.839037537504,2696.727857253309,0.16804053734766305,0.0014299105681773938,0.00034240153965629534,6.450007325749238e-06,1.8358047779722544e-10,2.1736292124545283e-07,-2.4119955136384967e-10,1.0
1,3,4,49173,67123,249,1241,51192,0.7406569256928932,250.21792128714955,0.7325804865694322,116,152,307.13581748407717,206.35946079345038,897.3351365237941,0.960560243788092,5895.775648850771,2661.5141911852234,0.17402415634669424,0.004326102854152129,0.00010727477869952048,2.961434415217571e-06,-5.278383160154376e-11,-1.9455648185367145e-07,1.1769415510403764e-13,1.0
2,4,5,60608,79632,293,802,62519,0.6158736306617185,277.79219270402245,0.7611010648985332,127,157,313.55013168854697,247.02888897980696,982.1757569573599,0.9694332922791472,6144.6053176190735,3813.954499412362,0.16431097902968975,0.001478749182150078,9.713242851221492e-06,1.5113204483105767e-07,-1.830515367471694e-13,-5.806926073796034e-09,-4.707800341315272e-15,1.0
3,5,6,44901,58344,515,214,45828,0.5888325960080664,239.10192136022982,0.7695907034142329,131,109,266.3417153920268,215.2720279281676,813.2518754031088,0.9797721916732128,4433.619334872962,2896.3778755191106,0.16324797243696293,0.0011721202011846011,2.1464631261980442e-05,3.2465579958931624e-07,-3.876136633329238e-13,-5.72229974148597e-09,-7.64367422344492e-13,1.0
4,9,10,42530,56250,910,1322,42972,0.6748104525649081,232.7034117446207,0.7560888888888889,125,113,271.0880528896946,200.06056840755997,786.9087296526013,0.9897142325235035,4593.045776220366,2501.5144394722483,0.1668130781963935,0.0024184548628869928,9.223111913463424e-06,2.372286565470445e-07,3.43586182108351e-13,1.1147848759348784e-08,-7.129377014513623e-14,1.0
5,10,11,38680,52514,931,928,39580,0.6877351215013839,221.92094446076084,0.7365654872986251,106,121,261.59281736336135,189.90636870465264,766.5239533417509,0.9772612430520464,4276.9251310063055,2254.026804661717,0.16884570671323745,0.00273511240556229,8.081217159464329e-05,2.086092791260324e-06,-1.7520010040406371e-12,-2.0204636484146163e-08,2.702890011880325e-11,1.0
6,14,15,58675,76043,1544,172,60715,0.8041618864411557,273.32641710477907,0.7716029088805019,121,172,357.00520397372503,212.2075871071821,978.1808075912433,0.9664003952894672,7965.794729020065,2814.503751615767,0.18372898987023148,0.007707720682000747,0.00011304385726357363,7.5588104918670225e-06,2.0330183301823983e-10,5.284458114719318e-07,-8.654155000906508e-11,1.0
7,16,17,31374,41580,1845,1426,32150,0.501607875674657,199.86649913510018,0.7545454545454545,114,91,215.40826388062516,186.348634456269,684.239682094289,0.9758631415241058,2900.045009254065,2170.3633477322605,0.16161179183356678,0.0005409125761274491,3.139707924200558e-05,3.2793769162071834e-07,8.640772322395091e-13,7.392364679856803e-09,6.005541798723155e-13,1.0
0,0,1,20667,28152,68,428,22701,0.5779159146121184,162.21603395176942,0.7341219096334186,68,85,184.382443713334,150.47383289694216,682.3574311003805,0.9104004228888596,2124.8053468562985,1415.1483991685543,0.1712853218185926,0.001179076650345903,0.0001391670731730713,5.154182101192767e-06,-1.3498004293443104e-10,-1.4681571264030606e-07,-2.89082525273167e-11,0.0
1,2,3,2295,3008,174,13,2324,0.932010285675068,54.056310965207366,0.7629654255319149,49,13,92.41249852346554,33.493230444611925,219.88225099390857,0.9875215146299484,533.754367709345,70.11228035099244,0.263122722466378,0.04081316970586057,0.0018273024914434864,0.00024685600173740243,4.9390449838231886e-08,-4.3899629647504985e-06,-1.5826711809188598e-07,0.0
2,6,7,81474,108811,648,414,87418,0.8906661127613885,322.080608959547,0.7487662092986922,233,110,486.24265371777125,221.0741010184585,1265.5676759431465,0.932004850259672,14776.994893406274,3054.6098838199737,0.2188625178244133,0.02070112201047769,4.022975031277251e-05,6.418190323321485e-06,8.574329571019525e-11,7.831904548316387e-07,-5.730840559338166e-11,0.0
3,7,8,2065,3315,697,209,2161,0.8738560645812496,51.276111980903075,0.6229260935143288,22,33,74.73926752703473,36.337089581473116,187.58073580374355,0.9555761221656641,349.12238190485425,82.52400495325017,0.2090297272920602,0.01666766987980924,0.0005390871665402182,4.3018714123405796e-05,-3.337461497501403e-09,-3.802362976117762e-06,5.6372457471321524e-09,0.0
4,8,9,31783,44929,910,1928,34335,0.7216910330229666,201.16503784285598,0.7074050168042912,131,91,244.6274136824449,169.33484408112145,819.2518754031088,0.925673510994612,3740.160720310129,1792.143088748607,0.17406487144255528,0.003756608968030142,5.187099668669147e-05,8.672055749307058e-06,1.5773689035826262e-10,3.578448294066765e-07,9.459492224572805e-11,0.0
5,11,12,109549,199430,1420,1829,134203,0.8749170954816095,373.4730497454834,0.5493105350248207,212,188,588.2897328237274,284.89267434563635,1779.6164491784257,0.8162932274241261,21630.300609113285,5072.7397434880495,0.24375430494665706,0.022844196401108262,0.002404852038415809,0.00044194508840569846,3.3816418162849324e-07,3.4644937829295195e-05,-3.0533376649026764e-07,0.0
6,12,13,3033,4818,1275,728,3233,0.4399039441942633,62.142863944154904,0.6295143212951432,34,39,68.84058117255891,61.821928138578,228.89444430272832,0.9381379523662232,296.18910101097964,238.87192492321896,0.1764131308718096,0.00035712869770858314,0.0016777051465615294,9.66987916512455e-06,7.536251393964127e-10,1.825254000456642e-07,-9.741793408808173e-10,0.0
7,13,14,15588,38212,1399,674,19558,0.9029230116932528,140.88029678891124,0.4079346802051712,113,78,223.99018412186047,96.27150096931624,695.0092347159894,0.7970140096124348,3135.7251614340594,579.262618680316,0.2383235681366677,0.026896642679180943,0.0003743423877973228,6.141114368151693e-05,9.190851163416073e-09,9.582579858668616e-06,1.4921632180724785e-09,0.0
8,15,16,4055,8774,1525,622,4847,0.8916792182790964,71.85392371959297,0.4621609300205152,61,39,115.32693294930927,52.20479341784213,312.39191898578673,0.8365999587373634,831.2688414684047,170.33377848747338,0.24700434524189346,0.02656659328059209,0.0047044836367526885,0.0019098310024756703,5.664055123149493e-06,0.00030268710397691583,8.306709405011012e-07,0.0
9,17,18,11109,15225,2007,1101,11225,0.8530996313622979,118.93030775400743,0.7296551724137931,50,77,170.7415462604703,89.08406739033157,456.7350647362943,0.9896659242761692,1822.0422262135207,495.9981914253212,0.20866328361138192,0.014248395411688054,0.0017817177449967816,0.00021707091972135583,9.007922211243394e-08,1.2843791038205315e-05,1.0054720046087064e-07,0.0
0,1,2,33472,44544,209,1621,33984,0.6862687014917108,206.4409698712331,0.7514367816091954,115,96,242.69881205961198,176.5265216222094,705.1686142824235,0.9849340866290018,3681.419585946677,1947.6008022522726,0.1681710202019285,0.0026831446205518557,3.960922945820011e-05,1.181700034822355e-06,2.841826624042969e-13,2.3102044248180897e-09,-8.079613700734985e-12,1.0
1,9,10,26447,36720,879,1661,26757,0.6429014901753339,183.50304149961892,0.7202342047930284,83,112,210.39294243839882,161.15023685673182,625.0681092190353,0.9884142467391712,2766.574389242962,1623.087427436298,0.16597957487349266,0.0018694317041582878,3.725146463355792e-05,2.0520025109012337e-06,1.790425872928715e-11,8.740051728920177e-08,1.142338615983597e-12,1.0
2,10,11,38047,50358,913,145,38687,0.5091154934691156,220.0975805376759,0.7555304023193932,116,105,237.7239471597364,204.60857656960232,743.938166904124,0.9834569752113111,3532.0421908253225,2616.541850364926,0.16160496336610636,0.0005789968266719102,4.2792802669148276e-05,2.574573983180469e-07,-6.528554768622216e-13,-4.880056553544199e-09,5.514122264267259e-13,1.0
3,11,12,30201,39150,1033,919,30741,0.8172586134093427,196.09463911730649,0.7714176245210728,130,73,258.6325711215076,149.04247134454306,691.5117600329311,0.9824338830877328,4180.675427807606,1388.3536415305591,0.18439883014927205,0.008548467854601291,1.0742225489148337e-05,4.228729355347017e-07,-8.20224588482042e-13,-3.5863394413319906e-08,3.735580549920978e-13,1.0
4,14,15,30483,40725,1342,150,31150,0.6427917129328308,197.00802278628646,0.7485082872928177,86,112,225.8862039242463,173.03809355564897,680.5411972844539,0.9785874799357944,3189.036070206636,1871.3863638358448,0.16600801870034051,0.0018684631066431434,3.2784296245797184e-05,4.3017196967811424e-07,1.5481620218878956e-12,1.3342359030445458e-08,4.614152059869109e-13,1.0
5,17,18,26774,35870,1493,775,28090,0.6623842832154047,184.63400437281118,0.7464176191803735,101,82,215.13746058837842,161.1732925670767,662.8843430349616,0.9531505873976504,2892.757934276004,1623.5518898070313,0.16868267065373255,0.0022471794016448985,0.00015676171537547395,3.273993222819455e-06,4.222234201049397e-11,1.1352246231696474e-07,6.098094175507705e-11,1.0
6,24,25,22679,29106,1981,463,22916,0.6779236430773691,169.92880754906966,0.7791864220435649,84,101,202.65376150591638,148.9773307137807,599.5462479183374,0.989657880956537,2566.784190781051,1387.1403166626983,0.1743429828230411,0.002705540450750767,0.0007484973472554312,2.3701787037187828e-05,9.126601422524584e-10,4.0789173177912887e-07,-3.022141943866515e-09,1.0
0,0,1,41884,57024,90,937,44799,0.7840374438235739,230.9293508666396,0.7344977553310886,90,159,298.5653212724898,185.32353458861908,935.938166904124,0.9349315832942701,5571.328191659066,2146.5507795261938,0.18426795366214446,0.006686031203780775,6.59961395638645e-05,7.2817358491906265e-06,-1.345858858444617e-10,-5.338149180619961e-07,8.583728692816932e-11,0.0
1,2,3,3728,5535,365,16,3950,0.9300597596651052,68.89584183949485,0.6735320686540198,60,16,118.89555967067085,43.68321295512723,291.03048327204937,0.9437974683544303,883.5096318376284,119.2639433801872,0.2689843281163669,0.04202562561057693,0.002434858492045592,0.00019547910879062023,-8.293968176865718e-08,-2.9959856615050458e-05,-1.0634182315510233e-07,0.0
2,3,4,638,899,404,552,671,0.634826707225739,28.50134785481265,0.7096774193548387,11,16,33.41037970250202,25.81468185452405,99.84062043356596,0.9508196721311476,69.76584199158495,41.64986245314334,0.17463276558734844,0.0019420708950532788,0.00096808126246331,3.680670827333291e-05,5.490153506191946e-09,6.862880454731525e-07,-4.257925785071773e-09,0.0
3,4,5,21271,43844,554,1303,28294,0.8445241679487484,164.56937247271026,0.4851519021987045,88,129,255.78865979654358,136.979288563374,878.6904755831212,0.7517848307061568,4089.2399050319923,1172.7078434580053,0.2473766042259413,0.01879999331511854,0.0031248188268383826,0.0003821444997809239,5.080736950020002e-08,-2.148827370126211e-05,-4.144912924482039e-07,0.0
4,5,6,179,240,553,1398,185,0.5641417224461039,15.09668435477122,0.7458333333333333,6,7,16.617606701704883,13.720791836676039,48.04163056034262,0.9675675675675676,17.259053280784183,11.76625803908724,0.16215257720598558,0.0009416310217286783,5.312434979077249e-06,2.3887842223475738e-08,7.695736301509349e-15,6.748074531931823e-10,3.631797378057777e-15,0.0
5,6,7,7777,11074,612,958,8111,0.6923285815849861,99.50871288186457,0.7022756005056889,60,49,118.64942154725777,85.61533231406389,351.60512242138316,0.9588213537171744,879.8553270936793,458.1240704529745,0.17204312685439804,0.0029406773875090136,0.00029171104818411967,6.659960848452567e-06,-2.923880472845816e-10,-3.6007686208875617e-07,2.610696716760375e-11,0.0
6,7,8,28337,39248,807,528,30400,0.6325099152255098,189.9468056566372,0.7219985731757033,108,87,217.56672799519498,168.51680138496684,744.8254685319159,0.9321381578947368,2958.4550706584478,1774.8695218137725,0.1670368984886269,0.0017445827241684216,1.912648213576216e-05,8.154955393673424e-07,1.7658675066189498e-12,5.7837346889050766e-09,-2.693437255618648e-12,0.0
7,8,9,21742,28836,825,1218,22712,0.4996754019127759,166.38141176715598,0.7539880704674712,80,87,179.7303173728679,155.68468878290784,579.5290039756343,0.9572912997534344,2018.9366864344886,1514.8576450894295,0.1625330848828957,0.0005375245428726703,2.2826605968432613e-05,2.0965326086218244e-07,-1.8419272257708522e-13,-4.6145408858394425e-09,-4.2002955672934084e-13,0.0
8,12,13,521,700,1068,184,532,0.6573196056171837,25.75573339679963,0.7442857142857143,11,13,29.695429605024575,22.37882991896045,83.84062043356595,0.9793233082706768,55.11365871418564,31.300751783859962,0.165862592126767,0.0020890526356458746,2.854707741305957e-05,5.028370513689015e-07,-1.878317242658602e-12,-2.2836671552737142e-08,3.184281165212002e-13,0.0
9,13,14,526,660,1230,1043,537,0.791108921270857,25.87902626705061,0.796969696969697,16,9,33.18919923996252,20.301013457630976,86.76955262170048,0.9795158286778398,68.84518413687053,25.75819671293212,0.17985433621635485,0.006709972983817268,0.00010989224468959856,4.2450033106141814e-06,-8.951380547413318e-11,-3.431731061732938e-07,-1.9836991400301628e-11,0.0
10,15,16,56540,90480,1422,1186,61685,0.8514423676265118,268.3075918779156,0.6248894783377542,123,181,381.32024062383795,199.98270659414024,1039.8864350760148,0.9165923644321958,9087.820369338857,2499.567683544874,0.20494142293745546,0.013577783740280852,0.0001506175219526261,1.7218680114977947e-05,9.415596858209518e-11,5.71931517446329e-08,-8.718049547355467e-10,0.0
11,16,17,529,648,1398,11,542,0.4442673346066444,25.952720843196786,0.8163580246913579,11,11,27.577213572142178,24.70626750461103,85.69848480983498,0.9760147601476016,47.531419275221424,38.14997837558742,0.16196861559699216,0.00031450514168161764,7.42137649823241e-05,1.2455105839642086e-07,1.3330915690596145e-13,3.538321064606593e-10,-3.5443090461049304e-13,0.0
12,18,19,57084,91388,1616,1907,64312,0.6955725933245996,269.59526362987543,0.6246334310850439,144,200,330.03356977889644,237.11453949082843,1173.2001435749996,0.8876103993033959,6807.6348238126075,3513.9565523717274,0.18081408759344714,0.003329151465323824,0.0007566405830703438,0.00013551700586474438,4.2640022589618586e-08,6.307801719891984e-06,8.057185954533277e-09,0.0
13,19,20,66,90,1574,1196,70,0.4075161114787534,9.16699568847508,0.7333333333333333,4,4,9.599546611145335,8.766286932721435,28.14213562373095,0.9428571428571428,5.759455946221994,4.8029866616751615,0.16003700921056296,0.00021001687150631952,2.230770424531895e-05,2.4552255539407203e-08,9.962717340335656e-15,3.5520548344994786e-10,-1.519564960661951e-14,0.0
14,20,21,515,782,1734,1196,568,0.8597949460341034,25.60699837034026,0.6585677749360613,17,12,36.93748453632736,18.86173689210161,95.01219330881977,0.9066901408450704,85.27361024196394,22.235319911679188,0.2087552041818313,0.014982848704930796,0.0007679422670792513,0.00011606383480163977,3.3762376410026364e-08,1.3703453117909873e-05,-7.794866184361906e-09,0.0
15,21,22,1,1,1720,1145,1,0.0,1.1283791670955126,1.0,0,0,0.0,0.0,0.0,1.0,0.0,0.0,0.0,0.0,0.0,0.0,0.0,0.0,0.0,0.0
16,22,23,29112,54243,1867,1542,38589,0.6298406416979625,192.52675041752002,0.53669597920469,99,162,240.0201326305981,186.42948925802057,999.6904755831214,0.754411879032885,3600.6040042506183,2172.2471540629003,0.19829799252244845,0.002407295249023683,0.0031680186897791816,0.00029011561320706723,1.1156680150203774e-07,-4.059259761834973e-06,-2.547746103558052e-07,0.0
17,23,24,1,1,1769,623,1,0.0,1.1283791670955126,1.0,0,0,0.0,0.0,0.0,1.0,0.0,0.0,0.0,0.0,0.0,0.0,0.0,0.0,0.0,0.0
0,1,2,22538,30125,254,464,22943,0.8890106615703922,169.3997427956757,0.748149377593361,121,61,250.73485460718345,114.80810410930631,621.9726547895301,0.9823475569890598,3929.24795718034,823.8062980733325,0.2108906848546309,0.018985236009600125,1.519735757445195e-05,1.8807029519382186e-06,5.7233969375541285e-12,8.690431166309291e-08,-8.266649884702948e-12,1.0
1,2,3,29215,37436,266,763,29467,0.2770773360335388,192.86703528451355,0.7803985468532962,97,92,196.85287597960166,189.14561747727427,639.9554108468271,0.9914480605423016,2421.9409238400267,2236.00403817871,0.1594367606373006,4.050599676582576e-05,6.5025431897386295e-06,1.3963650084855532e-09,-8.081622624845158e-17,-1.7764547705340635e-12,1.0570285191325612e-16,1.0
2,3,4,23246,30051,509,1305,23457,0.6709880428879933,172.0398978635874,0.7735516288975408,78,94,200.05204249573944,148.332221743214,581.286363288515,0.9910048173253186,2501.301231669821,1375.1530004548758,0.1667579038167727,0.002346900357654605,1.218460624549617e-06,4.9611489510064236e-08,-1.1317249738745631e-14,-2.3358721641135305e-09,4.55022710426095e-15,1.0
3,4,5,25008,31400,566,128,25505,0.6565549551611428,178.44095531782204,0.7964331210191082,99,76,206.10840796734357,155.46307730757255,610.3574311003804,0.9805136247794549,2655.042239677057,1510.5480253712674,0.16657030810333995,0.0020944465502635893,5.6255255430995244e-06,4.5885925209037406e-08,-2.679083061644987e-15,8.928648398294898e-10,-2.3158692882423644e-14,1.0
4,6,7,25444,32437,874,1782,25607,0.5694453093758564,179.98974130833534,0.7844128618552887,81,96,198.71319355581662,163.34805163487096,598.7422074112308,0.9936345530518998,2467.9333308219652,1667.6616233067791,0.16253713858389973,0.0009892456580921133,2.8111436632683147e-05,2.8890256371498896e-07,8.212598108573469e-13,9.08013401364164e-09,-5.820640220748537e-14,1.0
5,7,8,30986,42411,910,809,32104,0.17902229546213527,198.6267870483832,0.7306123411379123,98,98,200.9353494992776,197.68924236972447,687.3523804664972,0.96517567904311,2523.438417399802,2442.564784294729,0.1602660298746057,6.812129161861568e-06,7.869819714014955e-06,2.0966808612518847e-07,2.3740933187562265e-13,-4.864355154129565e-10,-1.271777271619623e-13,1.0
6,8,9,47242,69954,1021,1144,48260,0.6912989438284628,245.25574931564515,0.675329502244332,126,133,290.84671521446467,210.15678202738889,855.6610383315985,0.9789059262329052,5286.988234440244,2760.3670645067145,0.17034323904464158,0.0028603798551944198,0.00018344159080614048,4.165762489216398e-06,7.533361931819844e-11,1.5817715886018223e-07,8.709764600460662e-11,1.0
7,9,10,32974,43232,1136,418,33251,0.6443993176546595,204.89948937978656,0.7627220577350111,110,97,234.41319950603383,179.25323384702503,688.2396820942889,0.9916694234759856,3434.3467564159755,2008.2326152885157,0.16505669229406472,0.001870532702627469,3.860698254391179e-06,6.070912490118389e-08,6.576737954038059e-15,2.1619255846895947e-10,2.864568925753863e-14,1.0
8,10,11,24594,34038,1153,1843,25200,0.1641626671061319,176.95777282509118,0.7225453904459721,89,87,178.58664976546464,176.1638149491716,602.0975464705581,0.9759523809523808,1993.3244671532957,1939.6056060903736,0.15991420969519676,4.770844430271184e-06,2.271064177106484e-05,1.5972561594863506e-08,-7.655790215013091e-15,2.8326459165207645e-11,5.825282026280546e-15,1.0
9,11,12,41019,57534,1366,540,42126,0.5492505961837806,228.53230162384412,0.7129523412243195,112,124,250.39112211598584,209.24126786287928,791.6782822743016,0.9737216920666572,3918.4821271564083,2736.369261054075,0.16223826490676233,0.0008305155176752124,4.868548452270142e-06,5.0682192149274944e-08,-2.0543000347978488e-14,-1.1082804089502147e-09,-1.455351310330535e-14,1.0
10,12,13,24538,33234,1445,1838,24878,0.5539214009672309,176.75619352291855,0.7383402539567913,94,84,194.033082981083,161.5459230813981,597.1269837220808,0.9863333065358952,2353.0523306964897,1631.0678290138117,0.1623653174549801,0.0008657199500597517,2.4202207258201527e-05,1.3975029525902842e-07,2.502428834142977e-13,4.022368119301615e-09,5.860577771668696e-14,1.0
11,13,14,31069,39744,1494,931,31295,0.4581758044587269,198.8926328836158,0.7817280595813204,96,102,210.99504390444469,187.5453909228661,660.4406922210658,0.9927783991052884,2782.431784514909,2198.3296035256667,0.1603128967150721,0.00035344602806637116,2.0674118687871034e-06,8.467169871168886e-09,7.132636294157122e-16,1.0481738903504131e-10,8.638573366918603e-16,1.0
12,14,15,26805,36000,1520,1591,27142,0.5930510450856765,184.74086174050944,0.7445833333333334,96,92,206.15768857177474,165.99092724337982,622.683332908185,0.9875838184363716,2656.3120348285543,1722.061745444813,0.16334168178598646,0.0012147722403150671,2.881107363675709e-05,3.3603037272858603e-07,-1.7556805134168838e-13,-1.5479510440270232e-09,1.0307105955809014e-12,1.0
13,16,17,32634,41730,1795,764,32887,0.4673987798201732,203.84037701811508,0.7820273184759166,97,108,217.07869534193188,191.90768127887264,679.5117600329312,0.99230699060419,2945.1974982097054,2301.784883364585,0.16078269233236162,0.0003887214665895248,3.1976482929593925e-05,9.443903521357991e-08,3.1178120141367027e-14,-1.0065755458599706e-10,-1.6112405564290685e-13,1.0
14,17,18,29835,39098,1871,1274,30152,0.6590763867892727,194.90280094748147,0.7630825106143537,86,115,224.96604912940003,169.19156735228015,660.4406922210658,0.9894866012204828,3163.107703805727,1789.1116539450718,0.1659869065778716,0.002120893611621287,1.8060025102176776e-05,3.960877107405786e-07,3.903933705688077e-13,3.770176269866298e-09,-9.848098056335998e-13,1.0
15,18,19,25792,32391,1895,83,25923,0.5632748153080113,181.21642954712829,0.796270568985212,91,83,199.94837024487597,165.21126359994494,605.286363288515,0.9949465725417584,2498.7094227238754,1705.9226012681556,0.16302078256792926,0.0009448063515837238,3.6309983708351926e-05,6.509484922757786e-07,3.1112972329885976e-12,1.6040702770821613e-08,-5.78942918199877e-13,1.0
16,19,20,25378,37022,1894,1585,25590,0.8055881029585443,179.7561491751783,0.6854843066284911,86,106,233.8116083246589,138.52776601880478,627.6538956566621,0.9917155138726064,3416.7417617102305,1199.3713723850456,0.18189428379286302,0.007634167794727353,2.706455247316104e-05,2.3041641214093842e-06,1.5981158687795906e-11,1.6289098229402405e-07,8.699929157542329e-12,1.0
0,0,1,11753,15824,35,1631,11832,0.8557446002093881,122.32900052429257,0.7427325581395349,35,90,176.0224037783442,91.07372281809376,471.5634918610405,0.9933231913455036,1936.4929144941527,518.4014367466858,0.2088738493355602,0.01455831197639366,0.0015462598007754975,0.00010381647135873596,-3.204172180461667e-08,-1.0146964350828622e-05,-2.6522973041485182e-08,0.0
1,5,6,18956,27492,741,1456,21327,0.5109055361121425,155.35613541151105,0.6895096755419758,89,81,176.27323140455238,151.53096736189968,687.9554108468269,0.8888263703286914,1942.0157568626792,1435.1021293520696,0.1781556175466738,0.0007151127696634902,0.0002316546641211059,3.286340484878114e-05,-2.0626869095431177e-09,-2.2795480445166392e-07,-1.991819852499766e-09,0.0
2,15,16,60908,112944,1841,476,68989,0.9058089468689816,278.4788577086765,0.5392761014307975,152,180,446.43856368263357,189.14994061163438,1161.2173875177025,0.8828653843366334,12456.711946438303,2236.10625208655,0.24122969394044874,0.028158180555530925,8.207331980845443e-05,1.3900330734219451e-05,2.599101998662861e-10,1.0445716512752121e-06,-3.9099883528107946e-10,0.0
0,1,2,19462,24928,71,903,19968,0.4528997134648959,157.41597129781886,0.7807284980744544,71,83,167.16123608860448,149.0345168824601,536.7594513539337,0.9746594551282052,1746.4299281668855,1388.205451399268,0.16106440137530334,0.00033879389636148487,1.0509761220292335e-05,4.3781215818038684e-08,2.8799480834000624e-14,5.943551079115532e-10,-7.250169650914445e-15,1.0
1,5,6,19139,26123,122,1339,19994,0.6165529365612359,156.10423327599506,0.7326493894269418,87,72,176.765277924215,139.1696816858394,553.6122650963193,0.9572371711513454,1952.8727174765606,1210.5125187836168,0.1652847712137613,0.0015044954331557756,4.639896923661071e-06,1.4240593442631466e-07,-1.1566192203023087e-13,-2.74440505621674e-10,4.684368377965147e-15,1.0
2,11,12,18025,25921,395,1690,18373,0.7762352760168882,151.49304536463484,0.6953821226032946,84,85,191.7582531235321,120.89271225118007,533.0853531617382,0.9810591629020846,2298.2017275617873,913.440492215414,0.1781770995715507,0.005902000585311319,0.00016093571749804014,5.940837485859328e-06,-5.4905943232908403e-11,-2.225012784026753e-07,1.7529760845360697e-10,1.0
3,18,19,36066,81125,669,539,42079,0.9453147764295856,214.2910577238779,0.4445731895223421,143,143,397.9391736714009,129.7916138677575,949.033621333629,0.8571021174457568,9897.22412139234,1052.8664393998165,0.3036125592189917,0.06013629104805247,0.0005422595495046924,0.0002238729692734228,7.799983623703076e-08,5.461467992143308e-05,5.894970776907843e-10,1.0
4,23,24,22759,29400,1078,1635,23021,0.6696980392895939,170.2282549949554,0.7741156462585034,93,72,198.05952646901702,147.08564213028774,578.7005768508882,0.9886190869206376,2451.7235015707033,1352.136632554942,0.16713652331498066,0.002334278867265598,6.528072714499272e-05,1.4774678684368462e-06,1.3708906242262707e-11,6.415396677035552e-08,-4.754794490821579e-12,1.0
5,24,25,58523,79442,1111,1360,59017,0.6614895188533857,272.97215586307686,0.7366758138012638,122,150,315.96162025654047,236.9568103691454,929.9036790187176,0.9916295304742702,6239.484092196144,3509.283123769945,0.1665801004043896,0.0021763867397093187,4.7040037017495016e-05,1.428021370097131e-06,1.1221027483913746e-11,6.504209633126224e-08,3.3276344893574112e-12,1.0
6,28,29,25189,34506,1264,578,27374,0.782373789937547,179.0855407126271,0.7299889874224772,110,84,230.09837623804717,143.30737698353806,685.2274887854693,0.9201797325929716,3309.07892171162,1283.5627686188686,0.1823272734261181,0.00646620648920744,0.00019975286610879323,1.49735257127129e-05,-4.0072166782641226e-10,-6.85658539279744e-07,7.141601725634936e-10,1.0
7,30,31,27278,37635,1360,1171,27775,0.500409922810126,186.3636989901353,0.7248040387936759,96,97,200.82044705213315,173.8680547789447,631.9970414071697,0.982106210621062,2520.5532471386623,1889.381279538382,0.1616663438183534,0.000535390122194542,9.699331987194323e-06,1.6884443273387822e-07,-2.0445143922380994e-13,-2.767700817679213e-09,6.990896900953492e-14,1.0
8,33,34,17083,22701,1459,918,17605,0.542318079247776,147.48135862783062,0.7525219153341263,81,71,161.48276422272605,135.67349988401378,510.1147904132612,0.9703493325759728,1629.7926963132827,1150.4561606735926,0.1627494501543567,0.0007873227190987918,2.9403794274382427e-05,6.141296777114177e-07,1.2478810958239661e-12,9.752775981891919e-09,-2.292022127524902e-12,1.0
9,34,35,24429,31243,1483,486,24686,0.6464756164045556,176.3631731352532,0.7819031463047723,79,100,202.4888706790147,154.48577531196702,600.2152954766494,0.9895892408652678,2562.608921803921,1491.6159233587227,0.16595950899188028,0.0019220376220141129,3.818938668940088e-05,6.58773326258766e-07,-1.8050385574211342e-12,-2.2990417809383018e-08,2.767675411960245e-12,1.0
10,35,36,18347,23652,1520,1744,18651,0.4345101157757249,152.84019735415166,0.7757060713681718,72,79,161.26720785354803,145.2480446323203,513.58787847868,0.9837006058656372,1625.4445205549662,1318.562154344532,0.16046256471900028,0.0002797781192044972,9.773110061092994e-06,8.565012949968192e-08,-4.3255105366309165e-14,-9.165643053024873e-10,6.534279951281517e-14,1.0
11,36,37,22066,27540,1652,1618,22427,0.2879479468733136,167.61653794935063,0.8012345679012346,81,85,171.67610710287443,164.40494789108126,567.2447327281723,0.9839033308066172,1842.0428593748509,1689.3116806918213,0.1600360074352702,4.79080152444693e-05,6.4961355264574095e-06,3.0539286343914916e-08,-1.3398880839773824e-14,-7.663145105237244e-11,2.344259574248765e-15,1.0
12,37,38,14871,19865,1729,772,15212,0.3665507162829046,137.60212669052981,0.7486030707274101,74,70,143.00985357282482,133.05609204201716,470.5168106668145,0.9775834867210096,1278.2386386825494,1106.4952268433588,0.16036136544455032,0.0001333766562168396,3.566186967701547e-05,3.673847239598369e-08,2.4151934314803542e-14,1.7487229176820108e-10,3.442427437380272e-14,1.0
13,39,40,17520,22330,1778,564,17692,0.30998087081837417,149.35580612671222,0.7845947156291984,75,71,153.3066779660273,145.75521929859457,497.00209204105306,0.9902780917929008,1468.9335943111998,1327.786497048837,0.15963014220091531,6.490463301429474e-05,7.290115539590428e-06,5.5451667676751444e-09,-4.4316007418597697e-16,-3.7481466577585786e-11,-1.023049129884277e-15,1.0
14,41,42,24412,32886,1884,1210,24967,0.5384700321551323,176.30179739887734,0.7423219607127653,85,94,192.62425348891892,162.31379875400768,597.0264786586927,0.9777706572675932,2319.006439510205,1646.6105791222815,0.1624453964702805,0.0007586532794616546,2.779172430395815e-05,1.2787152522972533e-07,5.275419683363252e-14,-8.342293258168847e-10,2.35212971706804e-13,1.0
15,43,44,25453,34112,1921,1923,25911,0.5958746452568269,180.02157129673125,0.7461597091932458,79,102,201.38620689028775,161.72872355613262,615.8132752230962,0.9823241094515842,2534.775270353612,1634.7612514434986,0.1638131662985546,0.0012503183164723698,3.251952149491592e-05,5.374324396837815e-07,1.3496776889982158e-12,4.366469185302179e-09,-1.796198391046299e-12,1.0
0,0,1,6225,8991,34,506,7276,0.6997566452999824,89.02761462589226,0.6923590256923591,34,54,112.75517523581436,80.5501883169891,423.8061325481598,0.8555525013743815,794.6080964037003,405.5208023689004,0.19279179096748605,0.003906747888048846,0.00042532570936372455,5.949309147396078e-06,-9.65933308990799e-11,1.5989436594787533e-07,2.8325113450704427e-10,0.0
1,2,3,1007,1196,11,1523,1027,0.8199311873729724,35.80715321759479,0.8419732441471572,11,20,48.308241534563074,27.654637060186104,129.1126983722081,0.9805258033106136,145.85538751010534,47.79868443316367,0.192307916527576,0.0094819057247919,0.0004742115984525794,4.4583561539847367e-05,3.2837306896325624e-09,2.3539262870848725e-06,-5.58936686036541e-09,0.0
2,3,4,1910,4293,19,1809,2771,0.8311173171204711,49.314171699869,0.4449103191241556,19,43,85.9279813367602,47.78430281823052,269.7228714274745,0.6892818477084085,461.4761235381633,142.7087247390221,0.3163271456948614,0.027853582560009516,0.01904498390348712,0.0016957427014147625,9.088720133224337e-06,0.0002474258434920098,-3.2034303539101013e-06,0.0
3,4,5,6603,17672,56,2017,9873,0.9296186742978491,91.6907885988897,0.3736419194205523,56,63,215.58295701373123,79.44725433670284,543.0782104868019,0.6687936797326041,2904.7507096740187,394.4916388525468,0.4996580870099296,0.1445288328764938,0.11320605518758353,0.057843111112418924,0.004625887801207375,0.020551928701545253,0.0007143280667444077,0.0
4,6,7,15184,22608,194,481,16796,0.3564710900915344,139.04268857893504,0.6716206652512385,73,80,147.97887835372597,138.25760620898,574.2569260369921,0.9040247678018576,1368.6092774266765,1194.6978546648368,0.16881632850971506,0.0001311848931602657,0.00011906664438578116,4.5462556423005855e-06,-5.1392937078226605e-11,-1.808932444964573e-08,9.244861174800563e-11,0.0
5,7,8,1518,2279,146,1012,1658,0.7707192801934831,43.96336689686059,0.6660816147433085,18,29,57.35294301889728,36.543852940082076,160.71067811865476,0.9155609167671894,205.5850045580548,83.46582423164662,0.19041556573761625,0.006471787041923704,0.0013599022022799552,0.00010354483415208672,2.581690921101474e-08,3.988133051240411e-06,-2.9037825456498063e-08,0.0
6,8,9,677,962,220,4,705,0.9830514596393282,29.35954992478095,0.7037422037422038,34,4,71.79524309983364,13.162209934183549,156.5269119345812,0.9602836879432624,322.15980823526314,10.827735646970007,0.4918575241982764,0.2114805291005418,0.007753839887612269,0.0028111558687808377,1.217248795210363e-05,0.0008616344180178387,4.9076925595904136e-06,0.0
7,9,10,907,1295,319,1168,946,0.435309757514782,33.982764264767994,0.7003861003861004,18,17,36.782033136540385,33.114156096615474,117.74011537017763,0.9587737843551796,84.55737260359714,68.53420837443848,0.1687889536692785,0.00031209153832872965,0.0008321482530523722,1.4079935438885413e-06,4.801665004575914e-11,1.1724985029446349e-08,4.1415618094407325e-12,0.0
8,10,11,644,918,315,829,659,0.6743355469578107,28.63505311343852,0.7015250544662309,12,17,33.49276319195505,24.731895689385954,95.74011537017759,0.977238239757208,70.11032413952368,38.229166524416726,0.16822902277009386,0.0024507354338164315,8.836512663175203e-05,2.8644157493775377e-06,3.525131709955e-11,6.116290622257963e-08,2.8881097720751398e-11,0.0
9,12,13,82,112,325,770,85,0.8416582425289485,10.217907939900584,0.7321428571428571,3,6,13.92321953413681,7.518685550193227,33.55634918610404,0.9647058823529412,12.116002637235553,3.533164525167776,0.1908435019805284,0.010955548789108142,0.00010275748379572316,9.053661338970503e-06,2.4955866817990284e-10,7.123745224145868e-07,1.182311683035684e-10,0.0
10,13,14,14590,19764,414,796,15750,0.7177650531887598,136.29587285639292,0.7382108884841125,80,61,167.09294888359915,116.3443771710626,534.4163056034262,0.9263492063492064,1745.0033479135673,846.0008812076545,0.17758767848671847,0.0037967428428370273,0.0002988315083173968,6.160101481311881e-06,2.641960219861028e-10,2.0603382625700275e-07,7.365734880515644e-12,0.0
11,14,15,410,714,351,7,447,0.8800554060464225,22.847936741452536,0.5742296918767507,12,7,35.64983920062407,16.92907537838817,91.94112549695429,0.9172259507829976,79.43193968939705,17.912099572946797,0.2374244860057167,0.02251451950002143,0.004714462930868957,0.0010136265259101877,2.080562736169204e-06,0.00011003731560447036,-7.622893084575156e-07,0.0
12,15,16,500,960,368,1178,521,0.9155714660774592,25.2313252202016,0.5208333333333334,14,15,40.34057396896881,16.223175886803293,93.05382386916237,0.9596928982725528,101.71011925911526,16.44946474088474,0.236319168,0.029077516835508244,0.00012062760715747715,2.718539944186685e-05,1.5248869506454095e-09,4.394023166964305e-06,-3.1349689816325687e-10,0.0
13,16,17,20441,32039,514,1127,22542,0.6669540623415322,161.32665475342708,0.6380036830113299,73,96,192.33202176146244,143.3063659681741,684.1808075912433,0.9067962026439536,2311.975412178229,1283.5446579377656,0.17589746441543924,0.0025313129106441764,0.00029523385378466135,2.6653033364245083e-05,1.559516612547792e-09,1.166728726385592e-06,1.7770296187622522e-09,0.0
14,17,18,868,1326,474,1524,888,0.8503625826608898,33.24412617034957,0.6546003016591252,16,19,45.94761510992363,24.177505750501066,116.2253967444162,0.9774774774774776,131.94895839310516,36.53448651971949,0.19410535128205608,0.01208339718787443,5.02509140718429e-05,4.2172453830703436e-06,1.968733329924942e-11,6.385046889060391e-08,-5.8150214664780206e-11,0.0
15,19,20,4048,5002,810,2020,4188,0.6179485367996095,71.7918775147157,0.8092762894842063,38,33,83.06128420196441,65.30432229451291,257.63961030678934,0.9665711556829036,431.1985583299687,266.5409068966011,0.17236646868245298,0.0016545611612937474,0.0004127797757304088,1.6226939766732878e-05,5.41033066152292e-10,4.6641252137928425e-08,-1.2128469449150446e-09,0.0
16,20,21,46795,68068,1008,822,56055,0.9053443454649506,244.0926965230257,0.6874742904154669,177,91,397.1102445744871,168.64408377513251,1179.5260453828039,0.8348051021318348,9856.034146625563,1777.5516870221204,0.2486074545068423,0.029803047123191068,0.0003711530561288957,7.628548052871551e-05,8.63895794487497e-09,3.1840627534580187e-06,9.494135943319777e-09,0.0
17,21,22,2929,4608,883,1897,3414,0.6782005025571194,61.06814739722577,0.6356336805555556,27,30,76.08234571313643,55.91115940690201,242.5096679918781,0.8579379027533685,361.78270807582567,195.37860913900045,0.19022236845845888,0.0032276712680329514,0.0011181806026743393,9.236402755238038e-05,-1.4113851903818235e-08,-2.234205028195893e-06,2.6113018382831237e-08,0.0
18,22,23,1474,2916,961,1909,1811,0.8799415231866093,43.32153147038583,0.5054869684499315,23,25,68.71854234013011,32.64694318641275,184.16652224137044,0.8139149641082275,295.13987883451597,66.61393121355387,0.2454232089878357,0.0240367679009934,0.0008624547208300539,1.452554654008844e-05,1.5415324711255434e-09,2.242262127776308e-06,-5.16623953746177e-10,0.0
19,25,26,674,864,1003,1553,688,0.5437715153364766,29.294426998176625,0.7800925925925926,13,15,32.03625909534576,26.885895579188485,95.25483399593905,0.9796511627906976,64.14511855150772,45.17821131843918,0.16220078615719122,0.0007919052954323543,6.137968343104508e-05,4.548427462106738e-07,-1.0658761193101336e-12,-5.6424980968027154e-09,2.1539867955053e-12,0.0
20,26,27,1707,2898,1113,1846,1811,0.7974755870020932,46.619951768131656,0.5890269151138716,36,25,62.86646676180043,37.93055907711182,174.65180361560903,0.9425731639977912,247.0120401945349,89.92045699389195,0.19738283373662965,0.008469129839083815,0.0020454169862869453,0.0003487436470818665,2.810379170004678e-07,2.8783624240262013e-05,-8.816994692198672e-08,0.0
21,27,28,1,1,1122,2013,1,0.0,1.1283791670955126,1.0,0,0,0.0,0.0,0.0,1.0,0.0,0.0,0.0,0.0,0.0,0.0,0.0,0.0,0.0,0.0
22,29,30,1343,1960,1281,989,1388,0.8237857605492563,41.351671170332686,0.685204081632653,29,16,55.37548032513534,31.392428696483325,147.53910524340094,0.9675792507204612,191.6527388274657,61.59278621648689,0.18856703279519926,0.00937853832601025,4.743530229567954e-05,9.099447537964198e-06,1.8730829746610704e-10,8.611520236343081e-07,-2.5592183858873788e-11,0.0
23,31,32,1,1,1322,847,1,0.0,1.1283791670955126,1.0,0,0,0.0,0.0,0.0,1.0,0.0,0.0,0.0,0.0,0.0,0.0,0.0,0.0,0.0,0.0
24,32,33,1656,2700,1350,21,1849,0.7383933809034299,45.91823914395487,0.6133333333333333,27,21,59.157782508502024,39.89424774427148,177.29646455628162,0.8956192536506221,218.72770195770173,99.4719376925819,0.19214954085162056,0.005186066663770536,0.001827868710186016,4.284469671640636e-05,-1.167890181375398e-08,-2.626825473931441e-06,-2.7134187176764207e-09,0.0
25,38,39,14091,19008,1752,124,14391,0.35486741623604434,133.94483351314145,0.7413194444444444,72,64,138.82858819258806,129.79315670000307,451.58787847867995,0.979153637690223,1204.5860562217,1052.891470384472,0.16020704893947713,0.00011589282019402883,3.321708106221359e-05,1.059788415863098e-07,1.8838173059818576e-13,9.561869220599536e-10,-6.364520910609403e-14,0.0
26,40,41,11395,16166,1824,383,11821,0.7344546391824305,120.45150315482651,0.7048744278114562,57,68,147.56730783076583,100.1477016013757,433.7888886054567,0.9639624397259116,1361.0068962762496,626.8476335023864,0.1744497174004946,0.00415099209326325,5.809977885923857e-05,8.338434056238146e-07,-5.480644942127351e-12,-5.369029081480256e-08,-1.909676881440619e-12,0.0
27,42,43,1,1,1820,797,1,0.0,1.1283791670955126,1.0,0,0,0.0,0.0,0.0,1.0,0.0,0.0,0.0,0.0,0.0,0.0,0.0,0.0,0.0,0.0
28,44,45,1,1,2013,1820,1,0.0,1.1283791670955126,1.0,0,0,0.0,0.0,0.0,1.0,0.0,0.0,0.0,0.0,0.0,0.0,0.0,0.0,0.0,0.0
0,2,3,28938,39360,398,901,29310,0.6389684737761061,191.95052994338448,0.7352134146341464,99,103,219.367218927555,168.7444869822651,649.6538956566621,0.987308085977482,3007.6235462506156,1779.66886793174,0.1654327325379209,0.0018006431427757372,5.7945187982268384e-05,1.0122025219849743e-06,-4.2693749213567597e-13,-4.537036334093728e-09,7.740163713998106e-12,1.0
1,5,6,39092,53345,652,394,39776,0.3175530805242151,223.09970928440717,0.7328146967850783,114,111,229.6887139118269,217.80014034389492,757.1513703397203,0.9828037007240548,3297.3065811543183,2964.8063208637714,0.16018911547165887,7.234494637113484e-05,5.219475191757533e-05,4.315299060956838e-08,-3.4391907048786317e-14,-3.657382190855784e-10,5.487710953516455e-14,1.0
2,6,7,41191,54970,799,1088,42349,0.4484991891043804,229.01093879373119,0.7493360014553393,114,117,243.62206031101618,217.74531402789432,791.3523804664972,0.9726557888025692,3709.4817668865257,2963.3138613191445,0.16199644651029765,0.0003281470158272721,6.527055145400647e-05,1.1799243961287218e-06,9.265101448029966e-12,1.3282362300561931e-08,-4.623730952329198e-12,1.0
3,9,10,55357,71298,1193,542,55766,0.6626430924841635,265.4858216137057,0.7764172908075962,118,149,306.9131920249856,229.85813345970593,896.5067093990477,0.9926657820177168,5887.231714935357,3302.1725948487483,0.1660025707640245,0.00218069971847929,4.146524312002496e-06,8.817364932255207e-08,2.4002922920735328e-14,1.3549761990689247e-09,4.760631191116508e-14,1.0
4,12,13,32938,42160,1389,1933,33464,0.7576113178376803,204.7876073508521,0.7812618595825427,121,83,253.76320785273208,165.63276225015906,709.2274887854692,0.9842816160650252,4024.7353537318068,1714.6382456636072,0.17424778673250998,0.004918877674917387,1.0666064430091485e-05,4.1145567723390735e-07,9.432760255406654e-14,-6.05188484212138e-10,8.567822940628367e-13,1.0
5,14,15,36709,47628,1519,1240,37244,0.6371159678167775,216.1928547563103,0.7707441001091795,97,121,246.76739218117038,190.2003987280896,737.1686142824235,0.9856352701106218,3805.884115243471,2261.011979770266,0.16526999087454675,0.0017710873131617235,4.5216079057506036e-06,8.909877804788457e-08,1.0024777867527963e-14,-2.3422545193746677e-09,5.5657186580352505e-14,1.0
6,16,17,24764,31416,1756,1384,25005,0.4828659526607984,177.56830822481126,0.7882607588489942,94,83,189.9305386661535,166.3210862786681,590.2569260369921,0.9903619276144772,2254.600594875952,1728.91898380726,0.16085929489110046,0.0004506132727640837,1.3324137397750564e-05,3.9292308057157344e-08,1.6447621102931758e-14,6.324286249402359e-10,2.31895570567275e-14,1.0
0,0,1,8105,18711,243,1696,13161,0.9310931919389388,101.5854640688248,0.4331676553898776,87,48,214.4536232692948,78.22869238420806,616.5411972844539,0.6158346630195274,2874.3972833330376,382.4830195089408,0.4018359411279431,0.09452793130035636,0.008712668796991375,0.0009651543816658998,-8.999942809750324e-07,-0.00011042392813132017,2.650142010716589e-06,0.0
1,1,2,1,1,236,1009,1,0.0,1.1283791670955126,1.0,0,0,0.0,0.0,0.0,1.0,0.0,0.0,0.0,0.0,0.0,0.0,0.0,0.0,0.0,0.0
2,3,4,76984,103088,636,632,78858,0.7457864003314529,313.07997877841336,0.7467794505665063,189,138,385.7198752591745,256.9608503520614,1097.6021638285526,0.976235765553273,9298.738885622071,4126.804913353406,0.17439394937877314,0.004513412195264354,2.2934587937234343e-05,1.1063817985380516e-06,-4.509417454665944e-12,-6.666463657469339e-08,-3.2749778882384213e-12,0.0
3,4,5,15759,24964,552,1433,18728,0.5568508532148031,141.6509159359071,0.6312690273994552,81,84,162.67895665323468,135.12317509051474,610.3401871576772,0.8414673216574113,1654.0276836115634,1141.1420279088686,0.17736973865857175,0.0010592142012725515,0.00027708804492128396,6.604307310764586e-06,1.765644282162589e-10,-1.2623881974574538e-07,2.2055107391617346e-10,0.0
4,7,8,3780,6552,787,1887,4797,0.9119362008359044,69.3746746233733,0.5769230769230769,49,29,117.7811337641134,48.32937038716341,300.73506473629425,0.7879924953095685,867.0247169224983,145.9830026262267,0.2679914601980754,0.03638624014972328,0.0011321231682236668,0.0001674089642517781,-8.917927609845816e-09,-7.896204211285718e-06,-7.233342879914638e-08,0.0
5,8,9,532,696,896,83,543,0.6117909244964959,26.026206750102997,0.7643678160919541,14,12,29.419593852324176,23.27147270422381,85.01219330881976,0.9797421731123388,54.0945314022319,33.84759011396462,0.16530473969209872,0.0014484235666605766,0.00017167851936097714,3.8519891158239404e-06,9.465468973769394e-11,1.3027116307364885e-07,2.920267762494939e-11,0.0
6,10,11,15341,22040,1163,1213,15736,0.571771445332018,139.75967893416947,0.6960526315789474,75,78,155.28961403360503,127.40161090024586,480.94321753800733,0.9748983223182512,1507.1790141691265,1014.4481537486026,0.16437175985383806,0.0010316020282077453,0.00012927268639609105,1.3236944191793443e-06,1.2911575729606153e-11,3.063079175541377e-08,-1.1537664108366753e-11,0.0
7,11,12,19749,24750,1200,67,19964,0.5910483456502479,158.5724054461391,0.7979393939393941,78,67,177.8129164438459,143.43032354288314,541.303607231218,0.9892306151071928,1976.0895783916326,1285.766106976009,0.16516561270786578,0.0012218420297404914,0.00011845781974994309,1.1670529376536774e-06,1.3599496783337681e-11,3.5769559909942386e-08,1.8295408954134176e-12,0.0
8,13,14,17160,28236,1451,826,21857,0.4345645420060125,147.81336403605525,0.6077348066298343,74,92,166.3014299228563,149.77783517972767,778.0803025278549,0.7851031706089582,1728.5103496491681,1402.0874944453547,0.18243577180038006,0.0003618483123305746,9.439617226606385e-05,2.963065957673941e-05,-1.5603111186378784e-09,-4.3649276134179735e-07,-1.454178484259171e-10,0.0
9,15,16,532,676,1519,908,540,0.4187549648809329,26.026206750102997,0.7869822485207101,12,12,27.313084530680285,24.802992051769813,83.01219330881975,0.9851851851851852,46.62528666125542,38.44927592000979,0.15991459131816765,0.00023618898623778813,4.497808957273238e-07,2.578275466648858e-09,-5.713402652532225e-17,-3.291959978085506e-11,-6.666739549119336e-17,0.0
10,17,18,227,280,1698,205,232,0.7035076629105188,17.000746355818677,0.8107142857142857,9,6,20.21782820941944,14.368561278600898,54.627416997969526,0.9784482758620692,25.547536094099783,12.903472076056818,0.1693877011901172,0.0031025704921960238,0.00010332040641713636,2.423962357010521e-06,-3.069114837056546e-11,-1.1462118784493008e-07,2.301228174125268e-11,0.0
11,18,19,34980,57584,1865,256,40436,0.5340257788288223,211.04008925992238,0.6074604056682412,109,115,245.51922535285485,207.578696121146,855.5361466505707,0.8650707290533188,3767.480626116621,2693.057192709692,0.1846923332997802,0.0009434335868588572,0.0017745129502994574,0.0002592122262540877,1.7221741284063695e-07,6.973225427569123e-06,3.531803115982198e-08,0.0
12,19,20,12234,16800,2012,1476,12432,0.9329597667281082,124.80710152186846,0.7282142857142857,43,122,215.51108853640687,77.57982331769823,531.8061325481598,0.984073359073359,2902.814330134187,376.1643116253296,0.26802179514136965,0.04265335785456187,0.0024020449630597915,0.000427619444140546,2.8131140156752205e-07,2.9162985864012042e-05,-3.296800345468333e-07,0.0
13,20,21,1,1,2013,374,1,0.0,1.1283791670955126,1.0,0,0,0.0,0.0,0.0,1.0,0.0,0.0,0.0,0.0,0.0,0.0,0.0,0.0,0.0,0.0
0,4,5,30861,45225,339,639,31897,0.5678772116221593,198.22574401442375,0.6823880597014925,106,96,220.71253461262782,181.67141841042786,700.4650788387053,0.9675204564692604,3044.6264334456514,2062.781516703547,0.1654971630909302,0.001012198764613336,0.00015713412981423745,2.4363841183200813e-06,-3.264806169743053e-11,-4.1722472606421366e-08,-3.4736501556076035e-11,1.0
1,5,6,48552,59658,368,1876,51069,0.9116249540245276,248.63291490866936,0.813838881625264,80,194,392.3871406443088,161.28015721310385,974.9848480983501,0.9507137402338012,9622.979258938536,1625.7055694177186,0.2316832432928872,0.02713124162799574,0.00012969880155381643,2.0026472690710807e-05,1.0083018467831714e-09,3.207613149780086e-06,-1.5825114761855188e-10,1.0
2,7,8,58913,82928,805,1477,59860,0.6101710268433027,273.88019515653673,0.7104114412502411,142,142,308.80318037189795,244.65541095790715,937.0163773909261,0.9841797527564315,5959.962762987434,3741.016881936401,0.16466619667855711,0.001418636543559186,7.748313191648424e-05,1.6558257243525085e-06,1.3223141435224187e-11,4.297339458854925e-08,-1.3300836386347192e-11,1.0
3,8,9,25324,31860,994,1902,25490,0.3671339560082196,179.56480231624812,0.7948524795982423,87,89,186.28149703139152,173.27310256287453,594.6000717874998,0.9934876422126324,2168.799758516021,1876.473004485277,0.1597406714184686,0.00013325162648067604,1.0971523802699073e-05,1.6048628546593548e-08,1.5676828100829503e-15,9.034707851065194e-12,6.5492540935238895e-15,1.0
4,9,10,24205,36312,1150,682,24756,0.8203107503737073,175.55273618008525,0.6665840493500771,98,85,233.02612620632817,133.27185114302688,627.9970414071697,0.9777427694296332,3393.8234684204745,1110.0866441930696,0.18607354317758906,0.008901884099161891,9.672257099378841e-05,5.067981991546782e-06,-2.8660759245451232e-11,-1.9791375624374236e-07,-1.084839722823754e-10,1.0
5,11,12,50826,69632,1320,148,51406,0.7293379403308449,254.3888226725172,0.7299230238970589,136,126,307.7656299027977,210.5589682429488,868.6488450227788,0.988717270357546,5919.9801843416135,2770.9424442209456,0.17099363767682996,0.003838697296394214,1.62108864534159e-06,8.085639462182227e-08,1.5715370261763147e-14,2.125744259901712e-09,-2.469749142968196e-14,1.0
6,16,17,55261,72574,1676,824,55678,0.6277130663036105,265.2555192293081,0.7614434921597266,129,135,301.10928106209195,234.39695402514374,891.8204178980327,0.9925105068429182,5666.674946358116,3433.870753516585,0.16468297171377105,0.0016325398788102456,4.247394549663139e-05,5.568796766982882e-07,-9.136775373625083e-13,-1.1078028841265044e-08,-2.5495695151152217e-12,1.0
7,17,18,51734,66555,1744,1598,52013,0.3623960809434813,256.65107560134805,0.7773119975959732,129,125,265.90474315489115,247.82965139703086,852.8498551495553,0.9946359563955164,4419.083277016789,3838.721006973367,0.15962044852495758,0.00012584797274736592,3.0978106090447586e-06,4.884675237011791e-09,5.94530477384613e-16,5.249260684299468e-11,8.705756473734977e-17,1.0
0,0,1,28502,55154,91,948,35525,0.8772442637340845,190.49901181906853,0.5167712223954745,91,128,310.4715715415386,149.0400991058491,896.9503602129437,0.8023082336382829,6024.537295967043,1388.3094463425823,0.260081634352313,0.02645933173773844,0.0036240638066294454,0.0007145852753067379,1.118880464266197e-06,0.00011252350715761238,2.655029965225089e-07,0.0
1,1,2,14334,18700,54,1323,14932,0.7749626774880983,135.0948394063734,0.766524064171123,54,84,170.94077263077344,108.03576494911349,487.11984104714446,0.9599517814090543,1826.2967342253614,729.4829067587559,0.17830191439822218,0.005855055736122588,3.3561208837085624e-05,2.9240524692739914e-06,2.796863677690525e-11,2.2367242167829547e-07,-7.537604112965635e-12,0.0
2,2,3,1382,2350,94,812,1499,0.6328420399343984,41.947789582098295,0.5880851063829787,26,26,51.03170257207877,39.51287392696035,157.78174593052026,0.9219479653102068,162.76466671281938,97.57920037299148,0.18838195881751868,0.0022247717825111557,0.0029684344296798913,8.706399298009228e-05,1.6704156494133066e-08,1.1317482763839004e-06,-4.0987933648794016e-08,0.0
3,3,4,2775,4026,162,1200,3019,0.2928805720059497,59.441061032253415,0.6892697466467959,26,30,63.024895169023274,60.261192479647896,214.7523086789974,0.9191785359390526,248.2585881916483,226.9632074418232,0.17125109752557532,5.889044607158742e-05,0.0006839521839871597,1.7398717326237816e-05,-3.724206288443857e-10,1.2912471500594195e-07,1.8610702918848079e-09,0.0
4,6,7,55834,101612,831,815,62348,0.9195723514373426,266.6271867997393,0.5494823446049679,199,140,444.4025707595606,174.6149770924835,1117.4600282048218,0.8955219092833772,12343.352806106643,1905.6493890630343,0.2552029622661761,0.03494720280984817,0.0005225353272286329,6.530444131752095e-05,-3.2385874239920123e-09,-6.8556314912249356e-06,-1.1620612313570622e-08,0.0
5,10,11,959,1332,1162,337,984,0.7551682372925784,34.943335894001606,0.71996996996997,17,17,43.30914000641906,28.390485225913878,119.1543289325507,0.9745934959349594,117.23010050597547,50.376228210177146,0.1747719798917129,0.004859772291634722,9.672303418006801e-05,7.90846545395539e-06,2.1702666941825427e-10,5.474238065269658e-07,2.7223554013519176e-11,0.0
6,12,13,134,187,1271,400,140,0.8132354210649368,13.061933202803932,0.7165775401069518,4,7,17.136048535618293,9.972063543835457,43.21320343559643,0.9571428571428572,18.352759963441613,6.215128207643258,0.18334244903794686,0.008204617099541362,2.308549969586625e-06,2.317983549931177e-07,1.3150612126879172e-13,1.3766328281944888e-08,-1.0704340357578344e-13,0.0
7,13,14,341,420,1278,1598,348,0.34675911716257257,20.83685880248485,0.8119047619047619,9,10,21.528860049789266,20.193085087848296,66.2842712474619,0.9798850574712644,28.968238440213256,25.485042835317568,0.1596870418637268,0.00010433907192030194,2.2466850012036474e-05,4.1607458284950265e-08,-3.880455394406291e-14,-4.2386753622388236e-10,1.0606334811331869e-14,0.0
8,14,15,2550,4212,1367,1571,2775,0.8066230537711577,56.9803548521301,0.6054131054131054,43,29,78.12760478134983,46.17858623148546,216.5512985522207,0.9189189189189191,381.4951643044248,133.27886414617114,0.20187216801984156,0.00947502217058858,0.0021044290766733514,0.0001643656181412936,8.417688263980572e-08,9.142208413789847e-06,4.752885967560907e-08,0.0
9,15,16,3140,5848,1593,603,3800,0.6618084068006639,63.22951977097732,0.5369357045143639,47,33,77.70262731566984,58.25156306256178,265.3208511739212,0.8263157894736842,377.3561432348676,212.07778745197567,0.18771781232065068,0.0027705926092636787,0.0006130625012080704,0.00010677126190905812,1.7668063875017056e-08,4.5538205489907345e-06,-2.0834136128788455e-08,0.0
